city,order_value
Berlin,31111.64
Brest,67507.03
Chicago,32327.98
Gdansk,32129.55
Gomel,17022.11
Hamburg,24012.79
Krakow,39999.0
Los Angeles,24048.190000000002
Lyon,26485.309999999998
Marseille,38434.68
Minsk,42041.34
Munich,42245.39
New York,40617.04
Paris,12924.89
Warsaw,41817.5
